,student_id,age,study_hours,attendance,sleep_hours,midterm_score,final_score
student_id,1.0,0.058523538511586766,0.07755667343294816,0.0008768134823983487,0.11737235936205341,0.03654764401317437,0.04494459554557287
age,0.058523538511586766,1.0,-0.08877536739357962,0.013474589869202202,-0.08966200092555136,-0.07584859425629181,-0.06345483083105523
study_hours,0.07755667343294816,-0.08877536739357962,1.0,0.943007953377233,0.8902208059543791,0.984993507787001,0.9805737982199498
attendance,0.0008768134823983487,0.013474589869202202,0.943007953377233,1.0,0.9158050656495111,0.9785937900540832,0.9846896764106605
sleep_hours,0.11737235936205341,-0.08966200092555136,0.8902208059543791,0.9158050656495111,1.0,0.9210985286097182,0.9250242981997372
midterm_score,0.03654764401317437,-0.07584859425629181,0.984993507787001,0.9785937900540832,0.9210985286097182,1.0,0.9981648599231674
final_score,0.04494459554557287,-0.06345483083105523,0.9805737982199498,0.9846896764106605,0.9250242981997372,0.9981648599231674,1.0
